{
    "counties": [
        {
            "countyName": "Carson City",
            "cities": [
                {
                    "cityName": "Carson City",
                    "cityDomain": "https://carson-city-city-nv.mynewbrand.com",
                    "citySitemap": "https://carson-city-city-nv.mynewbrand.com/sitemap.xml"
                }
            ],
            "Timezone": {
                "Name": "Pacific",
                "Zone": "US/Pacific",
                "UTC_Offset": "-08:00"
            },
            "countyDomain": "https://carson-city-county-nv.mynewbrand.com",
            "countySitemap": "https://carson-city-county-nv.mynewbrand.com/sitemap.xml",
            "embeddedSitemap": "<?xml version=\"1.0\" encoding=\"UTF-8\"?>\\n<sitemapindex xmlns=\"http://www.sitemaps.org/schemas/sitemap/0.9\">\\n  <sitemap>\\n    <loc>https://carson-city-county-nv.mynewbrand.com/sitemap.xml</loc>\\n    <lastmod>2026-02-14</lastmod>\\n  </sitemap>\\n  <sitemap>\\n    <loc>https://carson-city-city-nv.mynewbrand.com/sitemap.xml</loc>\\n    <lastmod>2026-02-14</lastmod>\\n  </sitemap>\\n</sitemapindex>"
        },
        {
            "countyName": "Churchill",
            "cities": [
                {
                    "cityName": "Fallon",
                    "cityDomain": "https://fallon-city-nv.mynewbrand.com",
                    "citySitemap": "https://fallon-city-nv.mynewbrand.com/sitemap.xml"
                }
            ],
            "Timezone": {
                "Name": "Pacific",
                "Zone": "US/Pacific",
                "UTC_Offset": "-08:00"
            },
            "countyDomain": "https://churchill-county-nv.mynewbrand.com",
            "countySitemap": "https://churchill-county-nv.mynewbrand.com/sitemap.xml",
            "embeddedSitemap": "<?xml version=\"1.0\" encoding=\"UTF-8\"?>\\n<sitemapindex xmlns=\"http://www.sitemaps.org/schemas/sitemap/0.9\">\\n  <sitemap>\\n    <loc>https://churchill-county-nv.mynewbrand.com/sitemap.xml</loc>\\n    <lastmod>2026-02-14</lastmod>\\n  </sitemap>\\n  <sitemap>\\n    <loc>https://fallon-city-nv.mynewbrand.com/sitemap.xml</loc>\\n    <lastmod>2026-02-14</lastmod>\\n  </sitemap>\\n</sitemapindex>"
        },
        {
            "countyName": "Clark",
            "cities": [
                {
                    "cityName": "Blue Diamond",
                    "cityDomain": "https://blue-diamond-city-nv.mynewbrand.com",
                    "citySitemap": "https://blue-diamond-city-nv.mynewbrand.com/sitemap.xml"
                },
                {
                    "cityName": "Boulder City",
                    "cityDomain": "https://boulder-city-city-nv.mynewbrand.com",
                    "citySitemap": "https://boulder-city-city-nv.mynewbrand.com/sitemap.xml"
                },
                {
                    "cityName": "Bunkerville",
                    "cityDomain": "https://bunkerville-city-nv.mynewbrand.com",
                    "citySitemap": "https://bunkerville-city-nv.mynewbrand.com/sitemap.xml"
                },
                {
                    "cityName": "Cal Nev Ari",
                    "cityDomain": "https://cal-nev-ari-city-nv.mynewbrand.com",
                    "citySitemap": "https://cal-nev-ari-city-nv.mynewbrand.com/sitemap.xml"
                },
                {
                    "cityName": "Coyote Springs",
                    "cityDomain": "https://coyote-springs-city-nv.mynewbrand.com",
                    "citySitemap": "https://coyote-springs-city-nv.mynewbrand.com/sitemap.xml"
                },
                {
                    "cityName": "Henderson",
                    "cityDomain": "https://henderson-city-nv.mynewbrand.com",
                    "citySitemap": "https://henderson-city-nv.mynewbrand.com/sitemap.xml"
                },
                {
                    "cityName": "Indian Springs",
                    "cityDomain": "https://indian-springs-city-nv.mynewbrand.com",
                    "citySitemap": "https://indian-springs-city-nv.mynewbrand.com/sitemap.xml"
                },
                {
                    "cityName": "Isafa",
                    "cityDomain": "https://isafa-city-nv.mynewbrand.com",
                    "citySitemap": "https://isafa-city-nv.mynewbrand.com/sitemap.xml"
                },
                {
                    "cityName": "Jean",
                    "cityDomain": "https://jean-city-nv.mynewbrand.com",
                    "citySitemap": "https://jean-city-nv.mynewbrand.com/sitemap.xml"
                },
                {
                    "cityName": "Las Vegas",
                    "cityDomain": "https://las-vegas-city-nv.mynewbrand.com",
                    "citySitemap": "https://las-vegas-city-nv.mynewbrand.com/sitemap.xml"
                },
                {
                    "cityName": "Laughlin",
                    "cityDomain": "https://laughlin-city-nv.mynewbrand.com",
                    "citySitemap": "https://laughlin-city-nv.mynewbrand.com/sitemap.xml"
                },
                {
                    "cityName": "Logandale",
                    "cityDomain": "https://logandale-city-nv.mynewbrand.com",
                    "citySitemap": "https://logandale-city-nv.mynewbrand.com/sitemap.xml"
                },
                {
                    "cityName": "Mesquite",
                    "cityDomain": "https://mesquite-city-nv.mynewbrand.com",
                    "citySitemap": "https://mesquite-city-nv.mynewbrand.com/sitemap.xml"
                },
                {
                    "cityName": "Moapa",
                    "cityDomain": "https://moapa-city-nv.mynewbrand.com",
                    "citySitemap": "https://moapa-city-nv.mynewbrand.com/sitemap.xml"
                },
                {
                    "cityName": "Nellis Afb",
                    "cityDomain": "https://nellis-afb-city-nv.mynewbrand.com",
                    "citySitemap": "https://nellis-afb-city-nv.mynewbrand.com/sitemap.xml"
                },
                {
                    "cityName": "North Las Vegas",
                    "cityDomain": "https://north-las-vegas-city-nv.mynewbrand.com",
                    "citySitemap": "https://north-las-vegas-city-nv.mynewbrand.com/sitemap.xml"
                },
                {
                    "cityName": "Overton",
                    "cityDomain": "https://overton-city-nv.mynewbrand.com",
                    "citySitemap": "https://overton-city-nv.mynewbrand.com/sitemap.xml"
                },
                {
                    "cityName": "Searchlight",
                    "cityDomain": "https://searchlight-city-nv.mynewbrand.com",
                    "citySitemap": "https://searchlight-city-nv.mynewbrand.com/sitemap.xml"
                },
                {
                    "cityName": "Sloan",
                    "cityDomain": "https://sloan-city-nv.mynewbrand.com",
                    "citySitemap": "https://sloan-city-nv.mynewbrand.com/sitemap.xml"
                },
                {
                    "cityName": "The Lakes",
                    "cityDomain": "https://the-lakes-city-nv.mynewbrand.com",
                    "citySitemap": "https://the-lakes-city-nv.mynewbrand.com/sitemap.xml"
                }
            ],
            "Timezone": {
                "Name": "Pacific",
                "Zone": "US/Pacific",
                "UTC_Offset": "-08:00"
            },
            "countyDomain": "https://clark-county-nv.mynewbrand.com",
            "countySitemap": "https://clark-county-nv.mynewbrand.com/sitemap.xml",
            "embeddedSitemap": "<?xml version=\"1.0\" encoding=\"UTF-8\"?>\\n<sitemapindex xmlns=\"http://www.sitemaps.org/schemas/sitemap/0.9\">\\n  <sitemap>\\n    <loc>https://clark-county-nv.mynewbrand.com/sitemap.xml</loc>\\n    <lastmod>2026-02-14</lastmod>\\n  </sitemap>\\n  <sitemap>\\n    <loc>https://blue-diamond-city-nv.mynewbrand.com/sitemap.xml</loc>\\n    <lastmod>2026-02-14</lastmod>\\n  </sitemap>\\n  <sitemap>\\n    <loc>https://boulder-city-city-nv.mynewbrand.com/sitemap.xml</loc>\\n    <lastmod>2026-02-14</lastmod>\\n  </sitemap>\\n  <sitemap>\\n    <loc>https://bunkerville-city-nv.mynewbrand.com/sitemap.xml</loc>\\n    <lastmod>2026-02-14</lastmod>\\n  </sitemap>\\n  <sitemap>\\n    <loc>https://cal-nev-ari-city-nv.mynewbrand.com/sitemap.xml</loc>\\n    <lastmod>2026-02-14</lastmod>\\n  </sitemap>\\n  <sitemap>\\n    <loc>https://coyote-springs-city-nv.mynewbrand.com/sitemap.xml</loc>\\n    <lastmod>2026-02-14</lastmod>\\n  </sitemap>\\n  <sitemap>\\n    <loc>https://henderson-city-nv.mynewbrand.com/sitemap.xml</loc>\\n    <lastmod>2026-02-14</lastmod>\\n  </sitemap>\\n  <sitemap>\\n    <loc>https://indian-springs-city-nv.mynewbrand.com/sitemap.xml</loc>\\n    <lastmod>2026-02-14</lastmod>\\n  </sitemap>\\n  <sitemap>\\n    <loc>https://isafa-city-nv.mynewbrand.com/sitemap.xml</loc>\\n    <lastmod>2026-02-14</lastmod>\\n  </sitemap>\\n  <sitemap>\\n    <loc>https://jean-city-nv.mynewbrand.com/sitemap.xml</loc>\\n    <lastmod>2026-02-14</lastmod>\\n  </sitemap>\\n  <sitemap>\\n    <loc>https://las-vegas-city-nv.mynewbrand.com/sitemap.xml</loc>\\n    <lastmod>2026-02-14</lastmod>\\n  </sitemap>\\n  <sitemap>\\n    <loc>https://laughlin-city-nv.mynewbrand.com/sitemap.xml</loc>\\n    <lastmod>2026-02-14</lastmod>\\n  </sitemap>\\n  <sitemap>\\n    <loc>https://logandale-city-nv.mynewbrand.com/sitemap.xml</loc>\\n    <lastmod>2026-02-14</lastmod>\\n  </sitemap>\\n  <sitemap>\\n    <loc>https://mesquite-city-nv.mynewbrand.com/sitemap.xml</loc>\\n    <lastmod>2026-02-14</lastmod>\\n  </sitemap>\\n  <sitemap>\\n    <loc>https://moapa-city-nv.mynewbrand.com/sitemap.xml</loc>\\n    <lastmod>2026-02-14</lastmod>\\n  </sitemap>\\n  <sitemap>\\n    <loc>https://nellis-afb-city-nv.mynewbrand.com/sitemap.xml</loc>\\n    <lastmod>2026-02-14</lastmod>\\n  </sitemap>\\n  <sitemap>\\n    <loc>https://north-las-vegas-city-nv.mynewbrand.com/sitemap.xml</loc>\\n    <lastmod>2026-02-14</lastmod>\\n  </sitemap>\\n  <sitemap>\\n    <loc>https://overton-city-nv.mynewbrand.com/sitemap.xml</loc>\\n    <lastmod>2026-02-14</lastmod>\\n  </sitemap>\\n  <sitemap>\\n    <loc>https://searchlight-city-nv.mynewbrand.com/sitemap.xml</loc>\\n    <lastmod>2026-02-14</lastmod>\\n  </sitemap>\\n  <sitemap>\\n    <loc>https://sloan-city-nv.mynewbrand.com/sitemap.xml</loc>\\n    <lastmod>2026-02-14</lastmod>\\n  </sitemap>\\n  <sitemap>\\n    <loc>https://the-lakes-city-nv.mynewbrand.com/sitemap.xml</loc>\\n    <lastmod>2026-02-14</lastmod>\\n  </sitemap>\\n</sitemapindex>"
        },
        {
            "countyName": "Douglas",
            "cities": [
                {
                    "cityName": "Carson City",
                    "cityDomain": "https://carson-city-city-nv.mynewbrand.com",
                    "citySitemap": "https://carson-city-city-nv.mynewbrand.com/sitemap.xml"
                },
                {
                    "cityName": "Gardnerville",
                    "cityDomain": "https://gardnerville-city-nv.mynewbrand.com",
                    "citySitemap": "https://gardnerville-city-nv.mynewbrand.com/sitemap.xml"
                },
                {
                    "cityName": "Genoa",
                    "cityDomain": "https://genoa-city-nv.mynewbrand.com",
                    "citySitemap": "https://genoa-city-nv.mynewbrand.com/sitemap.xml"
                },
                {
                    "cityName": "Glenbrook",
                    "cityDomain": "https://glenbrook-city-nv.mynewbrand.com",
                    "citySitemap": "https://glenbrook-city-nv.mynewbrand.com/sitemap.xml"
                },
                {
                    "cityName": "Minden",
                    "cityDomain": "https://minden-city-nv.mynewbrand.com",
                    "citySitemap": "https://minden-city-nv.mynewbrand.com/sitemap.xml"
                },
                {
                    "cityName": "Stateline",
                    "cityDomain": "https://stateline-city-nv.mynewbrand.com",
                    "citySitemap": "https://stateline-city-nv.mynewbrand.com/sitemap.xml"
                },
                {
                    "cityName": "Zephyr Cove",
                    "cityDomain": "https://zephyr-cove-city-nv.mynewbrand.com",
                    "citySitemap": "https://zephyr-cove-city-nv.mynewbrand.com/sitemap.xml"
                }
            ],
            "Timezone": {
                "Name": "Pacific",
                "Zone": "US/Pacific",
                "UTC_Offset": "-08:00"
            },
            "countyDomain": "https://douglas-county-nv.mynewbrand.com",
            "countySitemap": "https://douglas-county-nv.mynewbrand.com/sitemap.xml",
            "embeddedSitemap": "<?xml version=\"1.0\" encoding=\"UTF-8\"?>\\n<sitemapindex xmlns=\"http://www.sitemaps.org/schemas/sitemap/0.9\">\\n  <sitemap>\\n    <loc>https://douglas-county-nv.mynewbrand.com/sitemap.xml</loc>\\n    <lastmod>2026-02-14</lastmod>\\n  </sitemap>\\n  <sitemap>\\n    <loc>https://carson-city-city-nv.mynewbrand.com/sitemap.xml</loc>\\n    <lastmod>2026-02-14</lastmod>\\n  </sitemap>\\n  <sitemap>\\n    <loc>https://gardnerville-city-nv.mynewbrand.com/sitemap.xml</loc>\\n    <lastmod>2026-02-14</lastmod>\\n  </sitemap>\\n  <sitemap>\\n    <loc>https://genoa-city-nv.mynewbrand.com/sitemap.xml</loc>\\n    <lastmod>2026-02-14</lastmod>\\n  </sitemap>\\n  <sitemap>\\n    <loc>https://glenbrook-city-nv.mynewbrand.com/sitemap.xml</loc>\\n    <lastmod>2026-02-14</lastmod>\\n  </sitemap>\\n  <sitemap>\\n    <loc>https://minden-city-nv.mynewbrand.com/sitemap.xml</loc>\\n    <lastmod>2026-02-14</lastmod>\\n  </sitemap>\\n  <sitemap>\\n    <loc>https://stateline-city-nv.mynewbrand.com/sitemap.xml</loc>\\n    <lastmod>2026-02-14</lastmod>\\n  </sitemap>\\n  <sitemap>\\n    <loc>https://zephyr-cove-city-nv.mynewbrand.com/sitemap.xml</loc>\\n    <lastmod>2026-02-14</lastmod>\\n  </sitemap>\\n</sitemapindex>"
        },
        {
            "countyName": "Elko",
            "cities": [
                {
                    "cityName": "Carlin",
                    "cityDomain": "https://carlin-city-nv.mynewbrand.com",
                    "citySitemap": "https://carlin-city-nv.mynewbrand.com/sitemap.xml"
                },
                {
                    "cityName": "Deeth",
                    "cityDomain": "https://deeth-city-nv.mynewbrand.com",
                    "citySitemap": "https://deeth-city-nv.mynewbrand.com/sitemap.xml"
                },
                {
                    "cityName": "Elko",
                    "cityDomain": "https://elko-city-nv.mynewbrand.com",
                    "citySitemap": "https://elko-city-nv.mynewbrand.com/sitemap.xml"
                },
                {
                    "cityName": "Jackpot",
                    "cityDomain": "https://jackpot-city-nv.mynewbrand.com",
                    "citySitemap": "https://jackpot-city-nv.mynewbrand.com/sitemap.xml"
                },
                {
                    "cityName": "Jarbidge",
                    "cityDomain": "https://jarbidge-city-nv.mynewbrand.com",
                    "citySitemap": "https://jarbidge-city-nv.mynewbrand.com/sitemap.xml"
                },
                {
                    "cityName": "Lamoille",
                    "cityDomain": "https://lamoille-city-nv.mynewbrand.com",
                    "citySitemap": "https://lamoille-city-nv.mynewbrand.com/sitemap.xml"
                },
                {
                    "cityName": "Montello",
                    "cityDomain": "https://montello-city-nv.mynewbrand.com",
                    "citySitemap": "https://montello-city-nv.mynewbrand.com/sitemap.xml"
                },
                {
                    "cityName": "Mountain City",
                    "cityDomain": "https://mountain-city-city-nv.mynewbrand.com",
                    "citySitemap": "https://mountain-city-city-nv.mynewbrand.com/sitemap.xml"
                },
                {
                    "cityName": "Owyhee",
                    "cityDomain": "https://owyhee-city-nv.mynewbrand.com",
                    "citySitemap": "https://owyhee-city-nv.mynewbrand.com/sitemap.xml"
                },
                {
                    "cityName": "Ruby Valley",
                    "cityDomain": "https://ruby-valley-city-nv.mynewbrand.com",
                    "citySitemap": "https://ruby-valley-city-nv.mynewbrand.com/sitemap.xml"
                },
                {
                    "cityName": "Spring Creek",
                    "cityDomain": "https://spring-creek-city-nv.mynewbrand.com",
                    "citySitemap": "https://spring-creek-city-nv.mynewbrand.com/sitemap.xml"
                },
                {
                    "cityName": "Tuscarora",
                    "cityDomain": "https://tuscarora-city-nv.mynewbrand.com",
                    "citySitemap": "https://tuscarora-city-nv.mynewbrand.com/sitemap.xml"
                },
                {
                    "cityName": "Wells",
                    "cityDomain": "https://wells-city-nv.mynewbrand.com",
                    "citySitemap": "https://wells-city-nv.mynewbrand.com/sitemap.xml"
                },
                {
                    "cityName": "West Wendover",
                    "cityDomain": "https://west-wendover-city-nv.mynewbrand.com",
                    "citySitemap": "https://west-wendover-city-nv.mynewbrand.com/sitemap.xml"
                }
            ],
            "Timezone": {
                "Name": "Pacific",
                "Zone": "US/Pacific",
                "UTC_Offset": "-08:00"
            },
            "countyDomain": "https://elko-county-nv.mynewbrand.com",
            "countySitemap": "https://elko-county-nv.mynewbrand.com/sitemap.xml",
            "embeddedSitemap": "<?xml version=\"1.0\" encoding=\"UTF-8\"?>\\n<sitemapindex xmlns=\"http://www.sitemaps.org/schemas/sitemap/0.9\">\\n  <sitemap>\\n    <loc>https://elko-county-nv.mynewbrand.com/sitemap.xml</loc>\\n    <lastmod>2026-02-14</lastmod>\\n  </sitemap>\\n  <sitemap>\\n    <loc>https://carlin-city-nv.mynewbrand.com/sitemap.xml</loc>\\n    <lastmod>2026-02-14</lastmod>\\n  </sitemap>\\n  <sitemap>\\n    <loc>https://deeth-city-nv.mynewbrand.com/sitemap.xml</loc>\\n    <lastmod>2026-02-14</lastmod>\\n  </sitemap>\\n  <sitemap>\\n    <loc>https://elko-city-nv.mynewbrand.com/sitemap.xml</loc>\\n    <lastmod>2026-02-14</lastmod>\\n  </sitemap>\\n  <sitemap>\\n    <loc>https://jackpot-city-nv.mynewbrand.com/sitemap.xml</loc>\\n    <lastmod>2026-02-14</lastmod>\\n  </sitemap>\\n  <sitemap>\\n    <loc>https://jarbidge-city-nv.mynewbrand.com/sitemap.xml</loc>\\n    <lastmod>2026-02-14</lastmod>\\n  </sitemap>\\n  <sitemap>\\n    <loc>https://lamoille-city-nv.mynewbrand.com/sitemap.xml</loc>\\n    <lastmod>2026-02-14</lastmod>\\n  </sitemap>\\n  <sitemap>\\n    <loc>https://montello-city-nv.mynewbrand.com/sitemap.xml</loc>\\n    <lastmod>2026-02-14</lastmod>\\n  </sitemap>\\n  <sitemap>\\n    <loc>https://mountain-city-city-nv.mynewbrand.com/sitemap.xml</loc>\\n    <lastmod>2026-02-14</lastmod>\\n  </sitemap>\\n  <sitemap>\\n    <loc>https://owyhee-city-nv.mynewbrand.com/sitemap.xml</loc>\\n    <lastmod>2026-02-14</lastmod>\\n  </sitemap>\\n  <sitemap>\\n    <loc>https://ruby-valley-city-nv.mynewbrand.com/sitemap.xml</loc>\\n    <lastmod>2026-02-14</lastmod>\\n  </sitemap>\\n  <sitemap>\\n    <loc>https://spring-creek-city-nv.mynewbrand.com/sitemap.xml</loc>\\n    <lastmod>2026-02-14</lastmod>\\n  </sitemap>\\n  <sitemap>\\n    <loc>https://tuscarora-city-nv.mynewbrand.com/sitemap.xml</loc>\\n    <lastmod>2026-02-14</lastmod>\\n  </sitemap>\\n  <sitemap>\\n    <loc>https://wells-city-nv.mynewbrand.com/sitemap.xml</loc>\\n    <lastmod>2026-02-14</lastmod>\\n  </sitemap>\\n  <sitemap>\\n    <loc>https://west-wendover-city-nv.mynewbrand.com/sitemap.xml</loc>\\n    <lastmod>2026-02-14</lastmod>\\n  </sitemap>\\n</sitemapindex>"
        },
        {
            "countyName": "Esmeralda",
            "cities": [
                {
                    "cityName": "Dyer",
                    "cityDomain": "https://dyer-city-nv.mynewbrand.com",
                    "citySitemap": "https://dyer-city-nv.mynewbrand.com/sitemap.xml"
                },
                {
                    "cityName": "Goldfield",
                    "cityDomain": "https://goldfield-city-nv.mynewbrand.com",
                    "citySitemap": "https://goldfield-city-nv.mynewbrand.com/sitemap.xml"
                },
                {
                    "cityName": "Silverpeak",
                    "cityDomain": "https://silverpeak-city-nv.mynewbrand.com",
                    "citySitemap": "https://silverpeak-city-nv.mynewbrand.com/sitemap.xml"
                }
            ],
            "Timezone": {
                "Name": "Pacific",
                "Zone": "US/Pacific",
                "UTC_Offset": "-08:00"
            },
            "countyDomain": "https://esmeralda-county-nv.mynewbrand.com",
            "countySitemap": "https://esmeralda-county-nv.mynewbrand.com/sitemap.xml",
            "embeddedSitemap": "<?xml version=\"1.0\" encoding=\"UTF-8\"?>\\n<sitemapindex xmlns=\"http://www.sitemaps.org/schemas/sitemap/0.9\">\\n  <sitemap>\\n    <loc>https://esmeralda-county-nv.mynewbrand.com/sitemap.xml</loc>\\n    <lastmod>2026-02-14</lastmod>\\n  </sitemap>\\n  <sitemap>\\n    <loc>https://dyer-city-nv.mynewbrand.com/sitemap.xml</loc>\\n    <lastmod>2026-02-14</lastmod>\\n  </sitemap>\\n  <sitemap>\\n    <loc>https://goldfield-city-nv.mynewbrand.com/sitemap.xml</loc>\\n    <lastmod>2026-02-14</lastmod>\\n  </sitemap>\\n  <sitemap>\\n    <loc>https://silverpeak-city-nv.mynewbrand.com/sitemap.xml</loc>\\n    <lastmod>2026-02-14</lastmod>\\n  </sitemap>\\n</sitemapindex>"
        },
        {
            "countyName": "Eureka",
            "cities": [
                {
                    "cityName": "Crescent Valley",
                    "cityDomain": "https://crescent-valley-city-nv.mynewbrand.com",
                    "citySitemap": "https://crescent-valley-city-nv.mynewbrand.com/sitemap.xml"
                },
                {
                    "cityName": "Eureka",
                    "cityDomain": "https://eureka-city-nv.mynewbrand.com",
                    "citySitemap": "https://eureka-city-nv.mynewbrand.com/sitemap.xml"
                }
            ],
            "Timezone": {
                "Name": "Pacific",
                "Zone": "US/Pacific",
                "UTC_Offset": "-08:00"
            },
            "countyDomain": "https://eureka-county-nv.mynewbrand.com",
            "countySitemap": "https://eureka-county-nv.mynewbrand.com/sitemap.xml",
            "embeddedSitemap": "<?xml version=\"1.0\" encoding=\"UTF-8\"?>\\n<sitemapindex xmlns=\"http://www.sitemaps.org/schemas/sitemap/0.9\">\\n  <sitemap>\\n    <loc>https://eureka-county-nv.mynewbrand.com/sitemap.xml</loc>\\n    <lastmod>2026-02-14</lastmod>\\n  </sitemap>\\n  <sitemap>\\n    <loc>https://crescent-valley-city-nv.mynewbrand.com/sitemap.xml</loc>\\n    <lastmod>2026-02-14</lastmod>\\n  </sitemap>\\n  <sitemap>\\n    <loc>https://eureka-city-nv.mynewbrand.com/sitemap.xml</loc>\\n    <lastmod>2026-02-14</lastmod>\\n  </sitemap>\\n</sitemapindex>"
        },
        {
            "countyName": "Humboldt",
            "cities": [
                {
                    "cityName": "Denio",
                    "cityDomain": "https://denio-city-nv.mynewbrand.com",
                    "citySitemap": "https://denio-city-nv.mynewbrand.com/sitemap.xml"
                },
                {
                    "cityName": "Golconda",
                    "cityDomain": "https://golconda-city-nv.mynewbrand.com",
                    "citySitemap": "https://golconda-city-nv.mynewbrand.com/sitemap.xml"
                },
                {
                    "cityName": "Mc Dermitt",
                    "cityDomain": "https://mc-dermitt-city-nv.mynewbrand.com",
                    "citySitemap": "https://mc-dermitt-city-nv.mynewbrand.com/sitemap.xml"
                },
                {
                    "cityName": "Orovada",
                    "cityDomain": "https://orovada-city-nv.mynewbrand.com",
                    "citySitemap": "https://orovada-city-nv.mynewbrand.com/sitemap.xml"
                },
                {
                    "cityName": "Paradise Valley",
                    "cityDomain": "https://paradise-valley-city-nv.mynewbrand.com",
                    "citySitemap": "https://paradise-valley-city-nv.mynewbrand.com/sitemap.xml"
                },
                {
                    "cityName": "Valmy",
                    "cityDomain": "https://valmy-city-nv.mynewbrand.com",
                    "citySitemap": "https://valmy-city-nv.mynewbrand.com/sitemap.xml"
                },
                {
                    "cityName": "Winnemucca",
                    "cityDomain": "https://winnemucca-city-nv.mynewbrand.com",
                    "citySitemap": "https://winnemucca-city-nv.mynewbrand.com/sitemap.xml"
                }
            ],
            "Timezone": {
                "Name": "Pacific",
                "Zone": "US/Pacific",
                "UTC_Offset": "-08:00"
            },
            "countyDomain": "https://humboldt-county-nv.mynewbrand.com",
            "countySitemap": "https://humboldt-county-nv.mynewbrand.com/sitemap.xml",
            "embeddedSitemap": "<?xml version=\"1.0\" encoding=\"UTF-8\"?>\\n<sitemapindex xmlns=\"http://www.sitemaps.org/schemas/sitemap/0.9\">\\n  <sitemap>\\n    <loc>https://humboldt-county-nv.mynewbrand.com/sitemap.xml</loc>\\n    <lastmod>2026-02-14</lastmod>\\n  </sitemap>\\n  <sitemap>\\n    <loc>https://denio-city-nv.mynewbrand.com/sitemap.xml</loc>\\n    <lastmod>2026-02-14</lastmod>\\n  </sitemap>\\n  <sitemap>\\n    <loc>https://golconda-city-nv.mynewbrand.com/sitemap.xml</loc>\\n    <lastmod>2026-02-14</lastmod>\\n  </sitemap>\\n  <sitemap>\\n    <loc>https://mc-dermitt-city-nv.mynewbrand.com/sitemap.xml</loc>\\n    <lastmod>2026-02-14</lastmod>\\n  </sitemap>\\n  <sitemap>\\n    <loc>https://orovada-city-nv.mynewbrand.com/sitemap.xml</loc>\\n    <lastmod>2026-02-14</lastmod>\\n  </sitemap>\\n  <sitemap>\\n    <loc>https://paradise-valley-city-nv.mynewbrand.com/sitemap.xml</loc>\\n    <lastmod>2026-02-14</lastmod>\\n  </sitemap>\\n  <sitemap>\\n    <loc>https://valmy-city-nv.mynewbrand.com/sitemap.xml</loc>\\n    <lastmod>2026-02-14</lastmod>\\n  </sitemap>\\n  <sitemap>\\n    <loc>https://winnemucca-city-nv.mynewbrand.com/sitemap.xml</loc>\\n    <lastmod>2026-02-14</lastmod>\\n  </sitemap>\\n</sitemapindex>"
        },
        {
            "countyName": "Lander",
            "cities": [
                {
                    "cityName": "Austin",
                    "cityDomain": "https://austin-city-nv.mynewbrand.com",
                    "citySitemap": "https://austin-city-nv.mynewbrand.com/sitemap.xml"
                },
                {
                    "cityName": "Battle Mountain",
                    "cityDomain": "https://battle-mountain-city-nv.mynewbrand.com",
                    "citySitemap": "https://battle-mountain-city-nv.mynewbrand.com/sitemap.xml"
                }
            ],
            "Timezone": {
                "Name": "Pacific",
                "Zone": "US/Pacific",
                "UTC_Offset": "-08:00"
            },
            "countyDomain": "https://lander-county-nv.mynewbrand.com",
            "countySitemap": "https://lander-county-nv.mynewbrand.com/sitemap.xml",
            "embeddedSitemap": "<?xml version=\"1.0\" encoding=\"UTF-8\"?>\\n<sitemapindex xmlns=\"http://www.sitemaps.org/schemas/sitemap/0.9\">\\n  <sitemap>\\n    <loc>https://lander-county-nv.mynewbrand.com/sitemap.xml</loc>\\n    <lastmod>2026-02-14</lastmod>\\n  </sitemap>\\n  <sitemap>\\n    <loc>https://austin-city-nv.mynewbrand.com/sitemap.xml</loc>\\n    <lastmod>2026-02-14</lastmod>\\n  </sitemap>\\n  <sitemap>\\n    <loc>https://battle-mountain-city-nv.mynewbrand.com/sitemap.xml</loc>\\n    <lastmod>2026-02-14</lastmod>\\n  </sitemap>\\n</sitemapindex>"
        },
        {
            "countyName": "Lincoln",
            "cities": [
                {
                    "cityName": "Alamo",
                    "cityDomain": "https://alamo-city-nv.mynewbrand.com",
                    "citySitemap": "https://alamo-city-nv.mynewbrand.com/sitemap.xml"
                },
                {
                    "cityName": "Caliente",
                    "cityDomain": "https://caliente-city-nv.mynewbrand.com",
                    "citySitemap": "https://caliente-city-nv.mynewbrand.com/sitemap.xml"
                },
                {
                    "cityName": "Hiko",
                    "cityDomain": "https://hiko-city-nv.mynewbrand.com",
                    "citySitemap": "https://hiko-city-nv.mynewbrand.com/sitemap.xml"
                },
                {
                    "cityName": "Panaca",
                    "cityDomain": "https://panaca-city-nv.mynewbrand.com",
                    "citySitemap": "https://panaca-city-nv.mynewbrand.com/sitemap.xml"
                },
                {
                    "cityName": "Pioche",
                    "cityDomain": "https://pioche-city-nv.mynewbrand.com",
                    "citySitemap": "https://pioche-city-nv.mynewbrand.com/sitemap.xml"
                }
            ],
            "Timezone": {
                "Name": "Pacific",
                "Zone": "US/Pacific",
                "UTC_Offset": "-08:00"
            },
            "countyDomain": "https://lincoln-county-nv.mynewbrand.com",
            "countySitemap": "https://lincoln-county-nv.mynewbrand.com/sitemap.xml",
            "embeddedSitemap": "<?xml version=\"1.0\" encoding=\"UTF-8\"?>\\n<sitemapindex xmlns=\"http://www.sitemaps.org/schemas/sitemap/0.9\">\\n  <sitemap>\\n    <loc>https://lincoln-county-nv.mynewbrand.com/sitemap.xml</loc>\\n    <lastmod>2026-02-14</lastmod>\\n  </sitemap>\\n  <sitemap>\\n    <loc>https://alamo-city-nv.mynewbrand.com/sitemap.xml</loc>\\n    <lastmod>2026-02-14</lastmod>\\n  </sitemap>\\n  <sitemap>\\n    <loc>https://caliente-city-nv.mynewbrand.com/sitemap.xml</loc>\\n    <lastmod>2026-02-14</lastmod>\\n  </sitemap>\\n  <sitemap>\\n    <loc>https://hiko-city-nv.mynewbrand.com/sitemap.xml</loc>\\n    <lastmod>2026-02-14</lastmod>\\n  </sitemap>\\n  <sitemap>\\n    <loc>https://panaca-city-nv.mynewbrand.com/sitemap.xml</loc>\\n    <lastmod>2026-02-14</lastmod>\\n  </sitemap>\\n  <sitemap>\\n    <loc>https://pioche-city-nv.mynewbrand.com/sitemap.xml</loc>\\n    <lastmod>2026-02-14</lastmod>\\n  </sitemap>\\n</sitemapindex>"
        },
        {
            "countyName": "Lyon",
            "cities": [
                {
                    "cityName": "Dayton",
                    "cityDomain": "https://dayton-city-nv.mynewbrand.com",
                    "citySitemap": "https://dayton-city-nv.mynewbrand.com/sitemap.xml"
                },
                {
                    "cityName": "Fernley",
                    "cityDomain": "https://fernley-city-nv.mynewbrand.com",
                    "citySitemap": "https://fernley-city-nv.mynewbrand.com/sitemap.xml"
                },
                {
                    "cityName": "Silver City",
                    "cityDomain": "https://silver-city-city-nv.mynewbrand.com",
                    "citySitemap": "https://silver-city-city-nv.mynewbrand.com/sitemap.xml"
                },
                {
                    "cityName": "Silver Springs",
                    "cityDomain": "https://silver-springs-city-nv.mynewbrand.com",
                    "citySitemap": "https://silver-springs-city-nv.mynewbrand.com/sitemap.xml"
                },
                {
                    "cityName": "Smith",
                    "cityDomain": "https://smith-city-nv.mynewbrand.com",
                    "citySitemap": "https://smith-city-nv.mynewbrand.com/sitemap.xml"
                },
                {
                    "cityName": "Wellington",
                    "cityDomain": "https://wellington-city-nv.mynewbrand.com",
                    "citySitemap": "https://wellington-city-nv.mynewbrand.com/sitemap.xml"
                },
                {
                    "cityName": "Yerington",
                    "cityDomain": "https://yerington-city-nv.mynewbrand.com",
                    "citySitemap": "https://yerington-city-nv.mynewbrand.com/sitemap.xml"
                }
            ],
            "Timezone": {
                "Name": "Pacific",
                "Zone": "US/Pacific",
                "UTC_Offset": "-08:00"
            },
            "countyDomain": "https://lyon-county-nv.mynewbrand.com",
            "countySitemap": "https://lyon-county-nv.mynewbrand.com/sitemap.xml",
            "embeddedSitemap": "<?xml version=\"1.0\" encoding=\"UTF-8\"?>\\n<sitemapindex xmlns=\"http://www.sitemaps.org/schemas/sitemap/0.9\">\\n  <sitemap>\\n    <loc>https://lyon-county-nv.mynewbrand.com/sitemap.xml</loc>\\n    <lastmod>2026-02-14</lastmod>\\n  </sitemap>\\n  <sitemap>\\n    <loc>https://dayton-city-nv.mynewbrand.com/sitemap.xml</loc>\\n    <lastmod>2026-02-14</lastmod>\\n  </sitemap>\\n  <sitemap>\\n    <loc>https://fernley-city-nv.mynewbrand.com/sitemap.xml</loc>\\n    <lastmod>2026-02-14</lastmod>\\n  </sitemap>\\n  <sitemap>\\n    <loc>https://silver-city-city-nv.mynewbrand.com/sitemap.xml</loc>\\n    <lastmod>2026-02-14</lastmod>\\n  </sitemap>\\n  <sitemap>\\n    <loc>https://silver-springs-city-nv.mynewbrand.com/sitemap.xml</loc>\\n    <lastmod>2026-02-14</lastmod>\\n  </sitemap>\\n  <sitemap>\\n    <loc>https://smith-city-nv.mynewbrand.com/sitemap.xml</loc>\\n    <lastmod>2026-02-14</lastmod>\\n  </sitemap>\\n  <sitemap>\\n    <loc>https://wellington-city-nv.mynewbrand.com/sitemap.xml</loc>\\n    <lastmod>2026-02-14</lastmod>\\n  </sitemap>\\n  <sitemap>\\n    <loc>https://yerington-city-nv.mynewbrand.com/sitemap.xml</loc>\\n    <lastmod>2026-02-14</lastmod>\\n  </sitemap>\\n</sitemapindex>"
        },
        {
            "countyName": "Mineral",
            "cities": [
                {
                    "cityName": "Hawthorne",
                    "cityDomain": "https://hawthorne-city-nv.mynewbrand.com",
                    "citySitemap": "https://hawthorne-city-nv.mynewbrand.com/sitemap.xml"
                },
                {
                    "cityName": "Luning",
                    "cityDomain": "https://luning-city-nv.mynewbrand.com",
                    "citySitemap": "https://luning-city-nv.mynewbrand.com/sitemap.xml"
                },
                {
                    "cityName": "Mina",
                    "cityDomain": "https://mina-city-nv.mynewbrand.com",
                    "citySitemap": "https://mina-city-nv.mynewbrand.com/sitemap.xml"
                },
                {
                    "cityName": "Schurz",
                    "cityDomain": "https://schurz-city-nv.mynewbrand.com",
                    "citySitemap": "https://schurz-city-nv.mynewbrand.com/sitemap.xml"
                }
            ],
            "Timezone": {
                "Name": "Pacific",
                "Zone": "US/Pacific",
                "UTC_Offset": "-08:00"
            },
            "countyDomain": "https://mineral-county-nv.mynewbrand.com",
            "countySitemap": "https://mineral-county-nv.mynewbrand.com/sitemap.xml",
            "embeddedSitemap": "<?xml version=\"1.0\" encoding=\"UTF-8\"?>\\n<sitemapindex xmlns=\"http://www.sitemaps.org/schemas/sitemap/0.9\">\\n  <sitemap>\\n    <loc>https://mineral-county-nv.mynewbrand.com/sitemap.xml</loc>\\n    <lastmod>2026-02-14</lastmod>\\n  </sitemap>\\n  <sitemap>\\n    <loc>https://hawthorne-city-nv.mynewbrand.com/sitemap.xml</loc>\\n    <lastmod>2026-02-14</lastmod>\\n  </sitemap>\\n  <sitemap>\\n    <loc>https://luning-city-nv.mynewbrand.com/sitemap.xml</loc>\\n    <lastmod>2026-02-14</lastmod>\\n  </sitemap>\\n  <sitemap>\\n    <loc>https://mina-city-nv.mynewbrand.com/sitemap.xml</loc>\\n    <lastmod>2026-02-14</lastmod>\\n  </sitemap>\\n  <sitemap>\\n    <loc>https://schurz-city-nv.mynewbrand.com/sitemap.xml</loc>\\n    <lastmod>2026-02-14</lastmod>\\n  </sitemap>\\n</sitemapindex>"
        },
        {
            "countyName": "Nye",
            "cities": [
                {
                    "cityName": "Amargosa Valley",
                    "cityDomain": "https://amargosa-valley-city-nv.mynewbrand.com",
                    "citySitemap": "https://amargosa-valley-city-nv.mynewbrand.com/sitemap.xml"
                },
                {
                    "cityName": "Beatty",
                    "cityDomain": "https://beatty-city-nv.mynewbrand.com",
                    "citySitemap": "https://beatty-city-nv.mynewbrand.com/sitemap.xml"
                },
                {
                    "cityName": "Gabbs",
                    "cityDomain": "https://gabbs-city-nv.mynewbrand.com",
                    "citySitemap": "https://gabbs-city-nv.mynewbrand.com/sitemap.xml"
                },
                {
                    "cityName": "Manhattan",
                    "cityDomain": "https://manhattan-city-nv.mynewbrand.com",
                    "citySitemap": "https://manhattan-city-nv.mynewbrand.com/sitemap.xml"
                },
                {
                    "cityName": "Mercury",
                    "cityDomain": "https://mercury-city-nv.mynewbrand.com",
                    "citySitemap": "https://mercury-city-nv.mynewbrand.com/sitemap.xml"
                },
                {
                    "cityName": "Pahrump",
                    "cityDomain": "https://pahrump-city-nv.mynewbrand.com",
                    "citySitemap": "https://pahrump-city-nv.mynewbrand.com/sitemap.xml"
                },
                {
                    "cityName": "Round Mountain",
                    "cityDomain": "https://round-mountain-city-nv.mynewbrand.com",
                    "citySitemap": "https://round-mountain-city-nv.mynewbrand.com/sitemap.xml"
                },
                {
                    "cityName": "Tonopah",
                    "cityDomain": "https://tonopah-city-nv.mynewbrand.com",
                    "citySitemap": "https://tonopah-city-nv.mynewbrand.com/sitemap.xml"
                }
            ],
            "Timezone": {
                "Name": "Pacific",
                "Zone": "US/Pacific",
                "UTC_Offset": "-08:00"
            },
            "countyDomain": "https://nye-county-nv.mynewbrand.com",
            "countySitemap": "https://nye-county-nv.mynewbrand.com/sitemap.xml",
            "embeddedSitemap": "<?xml version=\"1.0\" encoding=\"UTF-8\"?>\\n<sitemapindex xmlns=\"http://www.sitemaps.org/schemas/sitemap/0.9\">\\n  <sitemap>\\n    <loc>https://nye-county-nv.mynewbrand.com/sitemap.xml</loc>\\n    <lastmod>2026-02-14</lastmod>\\n  </sitemap>\\n  <sitemap>\\n    <loc>https://amargosa-valley-city-nv.mynewbrand.com/sitemap.xml</loc>\\n    <lastmod>2026-02-14</lastmod>\\n  </sitemap>\\n  <sitemap>\\n    <loc>https://beatty-city-nv.mynewbrand.com/sitemap.xml</loc>\\n    <lastmod>2026-02-14</lastmod>\\n  </sitemap>\\n  <sitemap>\\n    <loc>https://gabbs-city-nv.mynewbrand.com/sitemap.xml</loc>\\n    <lastmod>2026-02-14</lastmod>\\n  </sitemap>\\n  <sitemap>\\n    <loc>https://manhattan-city-nv.mynewbrand.com/sitemap.xml</loc>\\n    <lastmod>2026-02-14</lastmod>\\n  </sitemap>\\n  <sitemap>\\n    <loc>https://mercury-city-nv.mynewbrand.com/sitemap.xml</loc>\\n    <lastmod>2026-02-14</lastmod>\\n  </sitemap>\\n  <sitemap>\\n    <loc>https://pahrump-city-nv.mynewbrand.com/sitemap.xml</loc>\\n    <lastmod>2026-02-14</lastmod>\\n  </sitemap>\\n  <sitemap>\\n    <loc>https://round-mountain-city-nv.mynewbrand.com/sitemap.xml</loc>\\n    <lastmod>2026-02-14</lastmod>\\n  </sitemap>\\n  <sitemap>\\n    <loc>https://tonopah-city-nv.mynewbrand.com/sitemap.xml</loc>\\n    <lastmod>2026-02-14</lastmod>\\n  </sitemap>\\n</sitemapindex>"
        },
        {
            "countyName": "Pershing",
            "cities": [
                {
                    "cityName": "Imlay",
                    "cityDomain": "https://imlay-city-nv.mynewbrand.com",
                    "citySitemap": "https://imlay-city-nv.mynewbrand.com/sitemap.xml"
                },
                {
                    "cityName": "Lovelock",
                    "cityDomain": "https://lovelock-city-nv.mynewbrand.com",
                    "citySitemap": "https://lovelock-city-nv.mynewbrand.com/sitemap.xml"
                }
            ],
            "Timezone": {
                "Name": "Pacific",
                "Zone": "US/Pacific",
                "UTC_Offset": "-08:00"
            },
            "countyDomain": "https://pershing-county-nv.mynewbrand.com",
            "countySitemap": "https://pershing-county-nv.mynewbrand.com/sitemap.xml",
            "embeddedSitemap": "<?xml version=\"1.0\" encoding=\"UTF-8\"?>\\n<sitemapindex xmlns=\"http://www.sitemaps.org/schemas/sitemap/0.9\">\\n  <sitemap>\\n    <loc>https://pershing-county-nv.mynewbrand.com/sitemap.xml</loc>\\n    <lastmod>2026-02-14</lastmod>\\n  </sitemap>\\n  <sitemap>\\n    <loc>https://imlay-city-nv.mynewbrand.com/sitemap.xml</loc>\\n    <lastmod>2026-02-14</lastmod>\\n  </sitemap>\\n  <sitemap>\\n    <loc>https://lovelock-city-nv.mynewbrand.com/sitemap.xml</loc>\\n    <lastmod>2026-02-14</lastmod>\\n  </sitemap>\\n</sitemapindex>"
        },
        {
            "countyName": "Storey",
            "cities": [
                {
                    "cityName": "Virginia City",
                    "cityDomain": "https://virginia-city-city-nv.mynewbrand.com",
                    "citySitemap": "https://virginia-city-city-nv.mynewbrand.com/sitemap.xml"
                }
            ],
            "Timezone": {
                "Name": "Pacific",
                "Zone": "US/Pacific",
                "UTC_Offset": "-08:00"
            },
            "countyDomain": "https://storey-county-nv.mynewbrand.com",
            "countySitemap": "https://storey-county-nv.mynewbrand.com/sitemap.xml",
            "embeddedSitemap": "<?xml version=\"1.0\" encoding=\"UTF-8\"?>\\n<sitemapindex xmlns=\"http://www.sitemaps.org/schemas/sitemap/0.9\">\\n  <sitemap>\\n    <loc>https://storey-county-nv.mynewbrand.com/sitemap.xml</loc>\\n    <lastmod>2026-02-14</lastmod>\\n  </sitemap>\\n  <sitemap>\\n    <loc>https://virginia-city-city-nv.mynewbrand.com/sitemap.xml</loc>\\n    <lastmod>2026-02-14</lastmod>\\n  </sitemap>\\n</sitemapindex>"
        },
        {
            "countyName": "Washoe",
            "cities": [
                {
                    "cityName": "Crystal Bay",
                    "cityDomain": "https://crystal-bay-city-nv.mynewbrand.com",
                    "citySitemap": "https://crystal-bay-city-nv.mynewbrand.com/sitemap.xml"
                },
                {
                    "cityName": "Empire",
                    "cityDomain": "https://empire-city-nv.mynewbrand.com",
                    "citySitemap": "https://empire-city-nv.mynewbrand.com/sitemap.xml"
                },
                {
                    "cityName": "Gerlach",
                    "cityDomain": "https://gerlach-city-nv.mynewbrand.com",
                    "citySitemap": "https://gerlach-city-nv.mynewbrand.com/sitemap.xml"
                },
                {
                    "cityName": "Incline Village",
                    "cityDomain": "https://incline-village-city-nv.mynewbrand.com",
                    "citySitemap": "https://incline-village-city-nv.mynewbrand.com/sitemap.xml"
                },
                {
                    "cityName": "Nixon",
                    "cityDomain": "https://nixon-city-nv.mynewbrand.com",
                    "citySitemap": "https://nixon-city-nv.mynewbrand.com/sitemap.xml"
                },
                {
                    "cityName": "Reno",
                    "cityDomain": "https://reno-city-nv.mynewbrand.com",
                    "citySitemap": "https://reno-city-nv.mynewbrand.com/sitemap.xml"
                },
                {
                    "cityName": "Sparks",
                    "cityDomain": "https://sparks-city-nv.mynewbrand.com",
                    "citySitemap": "https://sparks-city-nv.mynewbrand.com/sitemap.xml"
                },
                {
                    "cityName": "Sun Valley",
                    "cityDomain": "https://sun-valley-city-nv.mynewbrand.com",
                    "citySitemap": "https://sun-valley-city-nv.mynewbrand.com/sitemap.xml"
                },
                {
                    "cityName": "Verdi",
                    "cityDomain": "https://verdi-city-nv.mynewbrand.com",
                    "citySitemap": "https://verdi-city-nv.mynewbrand.com/sitemap.xml"
                },
                {
                    "cityName": "Wadsworth",
                    "cityDomain": "https://wadsworth-city-nv.mynewbrand.com",
                    "citySitemap": "https://wadsworth-city-nv.mynewbrand.com/sitemap.xml"
                },
                {
                    "cityName": "Washoe Valley",
                    "cityDomain": "https://washoe-valley-city-nv.mynewbrand.com",
                    "citySitemap": "https://washoe-valley-city-nv.mynewbrand.com/sitemap.xml"
                }
            ],
            "Timezone": {
                "Name": "Pacific",
                "Zone": "US/Pacific",
                "UTC_Offset": "-08:00"
            },
            "countyDomain": "https://washoe-county-nv.mynewbrand.com",
            "countySitemap": "https://washoe-county-nv.mynewbrand.com/sitemap.xml",
            "embeddedSitemap": "<?xml version=\"1.0\" encoding=\"UTF-8\"?>\\n<sitemapindex xmlns=\"http://www.sitemaps.org/schemas/sitemap/0.9\">\\n  <sitemap>\\n    <loc>https://washoe-county-nv.mynewbrand.com/sitemap.xml</loc>\\n    <lastmod>2026-02-14</lastmod>\\n  </sitemap>\\n  <sitemap>\\n    <loc>https://crystal-bay-city-nv.mynewbrand.com/sitemap.xml</loc>\\n    <lastmod>2026-02-14</lastmod>\\n  </sitemap>\\n  <sitemap>\\n    <loc>https://empire-city-nv.mynewbrand.com/sitemap.xml</loc>\\n    <lastmod>2026-02-14</lastmod>\\n  </sitemap>\\n  <sitemap>\\n    <loc>https://gerlach-city-nv.mynewbrand.com/sitemap.xml</loc>\\n    <lastmod>2026-02-14</lastmod>\\n  </sitemap>\\n  <sitemap>\\n    <loc>https://incline-village-city-nv.mynewbrand.com/sitemap.xml</loc>\\n    <lastmod>2026-02-14</lastmod>\\n  </sitemap>\\n  <sitemap>\\n    <loc>https://nixon-city-nv.mynewbrand.com/sitemap.xml</loc>\\n    <lastmod>2026-02-14</lastmod>\\n  </sitemap>\\n  <sitemap>\\n    <loc>https://reno-city-nv.mynewbrand.com/sitemap.xml</loc>\\n    <lastmod>2026-02-14</lastmod>\\n  </sitemap>\\n  <sitemap>\\n    <loc>https://sparks-city-nv.mynewbrand.com/sitemap.xml</loc>\\n    <lastmod>2026-02-14</lastmod>\\n  </sitemap>\\n  <sitemap>\\n    <loc>https://sun-valley-city-nv.mynewbrand.com/sitemap.xml</loc>\\n    <lastmod>2026-02-14</lastmod>\\n  </sitemap>\\n  <sitemap>\\n    <loc>https://verdi-city-nv.mynewbrand.com/sitemap.xml</loc>\\n    <lastmod>2026-02-14</lastmod>\\n  </sitemap>\\n  <sitemap>\\n    <loc>https://wadsworth-city-nv.mynewbrand.com/sitemap.xml</loc>\\n    <lastmod>2026-02-14</lastmod>\\n  </sitemap>\\n  <sitemap>\\n    <loc>https://washoe-valley-city-nv.mynewbrand.com/sitemap.xml</loc>\\n    <lastmod>2026-02-14</lastmod>\\n  </sitemap>\\n</sitemapindex>"
        },
        {
            "countyName": "White Pine",
            "cities": [
                {
                    "cityName": "Baker",
                    "cityDomain": "https://baker-city-nv.mynewbrand.com",
                    "citySitemap": "https://baker-city-nv.mynewbrand.com/sitemap.xml"
                },
                {
                    "cityName": "Duckwater",
                    "cityDomain": "https://duckwater-city-nv.mynewbrand.com",
                    "citySitemap": "https://duckwater-city-nv.mynewbrand.com/sitemap.xml"
                },
                {
                    "cityName": "Ely",
                    "cityDomain": "https://ely-city-nv.mynewbrand.com",
                    "citySitemap": "https://ely-city-nv.mynewbrand.com/sitemap.xml"
                },
                {
                    "cityName": "Lund",
                    "cityDomain": "https://lund-city-nv.mynewbrand.com",
                    "citySitemap": "https://lund-city-nv.mynewbrand.com/sitemap.xml"
                },
                {
                    "cityName": "Mc Gill",
                    "cityDomain": "https://mc-gill-city-nv.mynewbrand.com",
                    "citySitemap": "https://mc-gill-city-nv.mynewbrand.com/sitemap.xml"
                },
                {
                    "cityName": "Ruth",
                    "cityDomain": "https://ruth-city-nv.mynewbrand.com",
                    "citySitemap": "https://ruth-city-nv.mynewbrand.com/sitemap.xml"
                }
            ],
            "Timezone": {
                "Name": "Pacific",
                "Zone": "US/Pacific",
                "UTC_Offset": "-08:00"
            },
            "countyDomain": "https://white-pine-county-nv.mynewbrand.com",
            "countySitemap": "https://white-pine-county-nv.mynewbrand.com/sitemap.xml",
            "embeddedSitemap": "<?xml version=\"1.0\" encoding=\"UTF-8\"?>\\n<sitemapindex xmlns=\"http://www.sitemaps.org/schemas/sitemap/0.9\">\\n  <sitemap>\\n    <loc>https://white-pine-county-nv.mynewbrand.com/sitemap.xml</loc>\\n    <lastmod>2026-02-14</lastmod>\\n  </sitemap>\\n  <sitemap>\\n    <loc>https://baker-city-nv.mynewbrand.com/sitemap.xml</loc>\\n    <lastmod>2026-02-14</lastmod>\\n  </sitemap>\\n  <sitemap>\\n    <loc>https://duckwater-city-nv.mynewbrand.com/sitemap.xml</loc>\\n    <lastmod>2026-02-14</lastmod>\\n  </sitemap>\\n  <sitemap>\\n    <loc>https://ely-city-nv.mynewbrand.com/sitemap.xml</loc>\\n    <lastmod>2026-02-14</lastmod>\\n  </sitemap>\\n  <sitemap>\\n    <loc>https://lund-city-nv.mynewbrand.com/sitemap.xml</loc>\\n    <lastmod>2026-02-14</lastmod>\\n  </sitemap>\\n  <sitemap>\\n    <loc>https://mc-gill-city-nv.mynewbrand.com/sitemap.xml</loc>\\n    <lastmod>2026-02-14</lastmod>\\n  </sitemap>\\n  <sitemap>\\n    <loc>https://ruth-city-nv.mynewbrand.com/sitemap.xml</loc>\\n    <lastmod>2026-02-14</lastmod>\\n  </sitemap>\\n</sitemapindex>"
        }
    ],
    "stateName": "Nevada"
}
